{
  "project_info": {
    "project_number": "48495985747",
    "firebase_url": "https://spyparent-28d16-default-rtdb.firebaseio.com",
    "project_id": "spyparent-28d16",
    "storage_bucket": "spyparent-28d16.appspot.com"
  },
  "client": [
    {
      "client_info": {
        "mobilesdk_app_id": "1:48495985747:android:87e8ee0b0f218a429bf2a6",
        "android_client_info": {
          "package_name": "com.gcq.androidapp.SPYParent"
        }
      },
      "oauth_client": [
        {
          "client_id": "48495985747-ofietj4f84pthen14n68674jhkit6a6n.apps.googleusercontent.com",
          "client_type": 3
        }
      ],
      "api_key": [
        {
          "current_key": "AIzaSyBesIcSnpCZBv5nhqw9YRF42NPXurlSlK8"
        }
      ],
      "services": {
        "appinvite_service": {
          "other_platform_oauth_client": [
            {
              "client_id": "48495985747-ofietj4f84pthen14n68674jhkit6a6n.apps.googleusercontent.com",
              "client_type": 3
            }
          ]
        }
      }
    }
  ],
  "configuration_version": "1"
}